Abbreviation/Shorthand,Meaning
2019-nCoV,2019 Novel Coronavirus
2VD,two vessels disease
3VD,three vessels diseases
5-ALA,5-aminolevulinic acid
5-FU,fluorouracil 5%
6-MP,mercaptopurine
A-aDO2,alveolar arterial O2 difference of each
A-F,aortofemoral
A-T,Ataxia-Telangiectasia
A&O,alert and oriented
A&W,alive and well
A2,aortic component of second heart sound
AA,alopecia areata
aa,amino acid
AA&O,"awake, alert, and oriented"
AAA,Abdominal Aortic Aneurysm
AAG,autoimmune autonomic ganglionopathy
AAGSV,anterior accessory great saphenous vein
AAO,American Academy of Ophthalmology
AAROM,active assisted range of motion
AB,abortion
AB,antibody
ABA,applied behavior analysis
Abd,abdomen
ABD,albumin-binding domain
abd gr,abdominal girth
ABG,arterial blood gas
ABG,Autogenous Bone Graft
ABI,Ankle Brachial Index
ABLA,acute blood loss anemia
ABLLS-R,"Assessment of Basic Language and Learning Skills, Revised"
ABP,arterial blood pressure
ABPA,allergic bronchopulmonary aspergillosis
ABx,antibiotic(s)
AC,acromioclavicular
AC,Adriamycin + Cytoxan
AC,assist control
AC,adrenal cortex
AC,axiocervical
ac,before meals
ACC,American College of Cardiology
ACD,Anterior Cervical Discectomy
ACDF,Anterior Cervical Decompression & Fusion
ACE,Angiotensin Converting Enzyme
ACE-I,Angiotensin Converting Enzyme Inhibitor
ACE2,angiotensin-converting enzyme 2
ACI,Autologous Cartilage Implantation
ACL,anterior cruciate ligament
ACLS,advanced cardiac life support
ACOG,American College of Obstetricians and Gynecologists
ACP,American College of Physicians
ACR,Anterior Column Realignment
ACS,Abdominal Compartment Syndrome
ACS,acute coronary syndrome
ACS,American College of Surgeons
ACT,Activating Clotting Time
ACT,assertive community treatment
ACTH,adrenocorticotropic hormone
ACV,assist control ventilation
ACVD,arteriosclerotic cardiovascular disease
AD,Alzheimer's disease
AD,atopic dermatitis
AD,right ear
ADA,adenosine deaminase
ADD,attention deficit disorder
ADH,antidiuretic hormone
ADHD,attention deficit hyperactivity disorder
ADHF,acute diastolic heart failure
ADL,activities of daily living
ADOS-2,"Autism Diagnostic Observation Schedule, Second Edition"
ADP,adenosine diphosphate
ADR,adverse drug reaction
ADR,Artificial Disc Replacement
AE,acute exacerbation
AECOPD,acute exacerbations of chronic obstructive pulmonary disease
AED,anti-epileptic drug
AED,automatic external defibrillator
AET,alternating esotropia
AFAFP,Amniotic Fluid Alpha-Fetoprotein
AFB,acid fast bacillus
AFB,acid fast bacterium
Afeb,afebrile
AFIB,atrial fibrillation
AFL,atrial flutter
AFO,ankle foot orthosis
AFP,alpha-fetoprotein
AFT,Autologous Fat Transfer
AFV,amniotic fluid volume
AGA,appropriate for gestational age
AGB,Adjustable Gastric Banding
AGE,acute gastroenteritis
AH,abductor hallucis
AHI,apnea-hypopnea index
AI,aortic insufficiency
AI,apnea index
AIBV,Avian Infectious Bronchitis Virus
AICD,automatic implantable cardioverter defibrillator
AIDP,Acute Inflammatory Demyelinating Polyneuropathy
AIDS,acquired immune deficiency syndrome
AIED,Autoimmune Inner Ear Disease
AIS,acute ischemic stroke
AIS,ASIA impairment scale
AIUM,American Institute of Ultrasound in Medicine
AJ,ankle jerk
AJCC,American Joint Committee on Cancer
AK,actinic keratosis
AK,above knee
AK,Arcuate keratotomy
AKA,above knee amputation
AKI,acute kidney injury
ALA,5-aminolevulinic acid
ALA-PDT,5-aminolevulinic acid-mediated photodynamic therapy
Alb,albumin
ALD,Assistive Listening Device
ALDH,aldehyde dehydrogenase
ALF,acute liver failure
ALI,Acute Limb Ischemia
ALI,acute lung injury
ALIF,Anterior Lumbar Interbody Fusion
ALK,anaplastic lymphoma kinase
Alk phos,alkaline phosphatase
ALL,acute lymphocytic leukemia
ALL,allergies
ALNT,Autologous Lymph Node Transfer
ALP,alkaline phosphatase
ALS,advanced life support
ALS,amyotrophic lateral sclerosis
ALT,alanine aminotransferase
ALTE,Apparent Life-Threatening Event
AMA,antimitochondrial antibody
AMA,against medical advice
AMA,advanced maternal age
amb,ambulate
AMD,aging macular degeneration
AMH,anti-mullerian hormone
AMI,acute myocardial infarction
AML,acute myelogenous leukemia
AMLS,advanced medical life support
AMML,acute myelomonocytic leukemia
AMP,amphetamine
amp,ampule
AMS,altered mental status
ANA,antinuclear antibody
anast,anastomosis
ANED,alive no evidence of disease
ANOVA,analysis of variance
ant,anterior
Ao,aorta
AOB,Aortic Occlusion Balloon
AOB,assignment of benefits
AOCD,Anemia of Chronic Disease
AOD,atlanto-occipital dislocation
AODM,adult-onset diabetes mellitus
AOM,Acute Otitis Media
AOT,Assisted Outpatient Treatment
AP,abdomen/pelvis
AP,attending physician
AP,anteroposterior
APAAP,alkaline phosphatase monoclonal anti-alkaline phosphatase
APAP,autotitrating positive airway pressure
APAP,acetaminophen
APC,adenomatous polyposis coli
APC,atrial premature contraction
APD,Automated Peritoneal Dialysis
APD,Auditory Processing Disorder
APL,abductor pollicis longus
APR,Abdominal Perineal Resection
APRV,airway pressure release ventilation
aPTT,activated partial thromboplastin
AQLQ,Asthma Quality of Life Questionnaire
AR,Allergic Rhinitis
AR,aortic regurgitation
ARA,accessory renal arteries
ARA,arachidonic acid
ARAG,autosomal recessive agammaglobulinemia
ARB,angiotensin II receptor blocker
ARDS,acute respiratory distress syndrome
ARF,acute renal failure
ARF,acute rheumatic fever
AROM,artificial rupture of membranes
ART,Antiretroviral Therapy
ARV,antiretroviral
AS,ankylosing spondylitis
AS,aortic stenosis
ASA,acetylsalicylic acid (aspirin)
ASA,American Society of Anesthesiologists
ASAM,American Society of Addiction Medicine
ASCVD,atherosclerotic cardiovascular disease
ASD,Adult Spinal Deformity
ASD,atrial septal defect
ASD,autism spectrum disorder
ASHD,arteriosclerotic heart disease
ASHF,acute systolic heart failure
ASM,airway smooth muscle
ASMA,Anti Smooth Muscle Antibody
ASO,Anterior Segmental Osteotomy
ASO,Antistreptolysin O
ASRM,American Society for Reproductive Medicine
AST,aspartate aminotransferase
ASU,ambulatory surgery unit
ASVD,atrioventricular septal defect
AT,alopecia totalis
AT,anterior tibial
AT/RT,atypical teratoid/rhabdoid tumor
ATACH,atrial tachycardia
ATFL,anterior talofibular ligament
ATG,anti-thymocyte globulin
ATI,antibodies to Infliximab
ATK,above the knee
ATM,Ataxia-Telangiectasia mutation
ATN,acute tubular necrosis
ATN,atubular necrosis
ATP,adenosine triphosphate
ATR,achilles tendon rupture
AU,alopecia universalis
AUA,American Urological Association
AUC,area under the curve
AUI,Aorto-Uni-Iliac
AV,arteriovenous
AV,atrioventricular
AVB,Aortic Valve Bypass
AVD,atrioventricular dissociation
aVF,augmented vector foot
AVF,arteriovenous fistula
AVI,automatic volume infusion pump
AVM,arteriovenous malformation
AVNRT,atrioventricular nodal reentrant tachycardia
AVP,arginine vasopressin
AVR,aortic valve replacement
AVRMVR,aortic valve repair or replacement mitral valve repair or replacement
AVSS,"afebrile, vital signs stable"
AVWS,acquired von Willebrand syndrome
AWL,after weight loss
AWR,Abdominal Wall Reconstruction
Ax-fem,Axillo‐Femoral
AXR,abdominal x-ray
AXT,alternating exotropia
B-ALL,B-cell acute lymphoblastic leukemia
BA,blood alcohol
BAC,blood alcohol concentration
BAHA,Bone Anchored Hearing Aid
BAL,bronchoalveolar lavage
BAL,blood alcohol level
BB-AVF,brachiobasilic arteriovenous fistula
BBB,blood-brain barrier
BBB,bundle branch block
BCBA,board-certified behavior analyst
BCC,basal cell carcinoma
BCG,Bacillus Calmette-Guerin
BCP,birth control pills
BCS,breast-conserving surgery
BD,bile duct
BD,bronchodilator
BE,barium enema
bEVAR,branched endovascular aneurysm repair
BG,blood glucose
BIBEMS,brought in by emergency medical services
BID,twice daily
BiPAP,bi-level positive airway pressure
BIV,Biventricular
BJ,body jacket
BK,below knee
BKA,below knee amputation
BLAF,Behavior Language Assessment Form
BLC,blue-light cystoscopy
BLE,bilateral lower extremities
BM,bone marrow
BM,bowel movement
BMD,bone mineral density
BMI,body mass index
BMP,basic metabolic panel
BMR,basal metabolic rate
BMS,bare metal stent
BMS,bare metal stent
BMT,bone marrow transplantation
BNP,brain natriuretic peptide
BO,bowel obstruction
BOC,biopsy of cervix
BoNT,botulinum neurotoxin
BOTOX,botulinum toxin
BP,blood pressure
BPD,borderline personality disorder
BPD,bronchopulmonary dysplasia
BPF,bronchopleural fistula
BPG,bypass graft
BPH,benign prostatic hyperplasia
BPHTN,blood pressure hypertension
BPM,beats per minute
BPP,biophysical profile
BR,bed rest
BRAT,"bananas, rice, apple sauce, and toast (or tea)"
BRB,bright red blood
BRBPR,bright red blood per rectum
BRRB,bright red rectal bleeding
BRUE,brief resolved unexplained event
BS,blood sugar
BS,bowel sounds
BS,breath sounds
BSA,body surface area
BSC,behavioral specialist consultant
BSO,bilateral salpingo-oophorectomy
BSSO,Bilateral Sagittal Split Osteotomy
BT,blood transfusion
BT,bronchial thermoplasty
BTA,botulinum toxin A
BTK,below the knee
BUN,blood urea nitrogen
BV,bacterial vaginosis
BVAB,bacterial vaginosis-associated bacteria
Bx,biopsy
C DIFF,Clostridium difficile
C/B,complicated by
C/O,complaint of
c/w,consistent with
C&S,culture and sensitivity
CA,calcium
CA,cancer
CA,chronological age
CA-125,cancer antigen 125
CAA,cerebral amyloid angiopathy
CAB,coronary artery bypass
CABG,coronary artery bypass graft
CaCO3,calcium carbonate
CAD,coronary artery disease
CAD-3,three-vessel coronary artery disease
CAG,coronary angiography
CAH,chronic active hepatitis
cAMP,cyclic adenosine monophosphate
CAP,community acquired pneumonia
CAP,Competitive Acquisition Program
CAP,prostate cancer
CAP,College of American Pathologists
CASL-2,"Comprehensive Assessment of Spoken Language, Second Edition"
CAT,computerized axial tomography
CAV,cardiac allograft vasculopathy
CB,Concha bullosa
CBC,complete blood count
CBD,Common Bile Duct
CBD,cannabidiol
CBI,Catheter Based Intervention
CBI,continuous bladder irrigation
CC,chief complaint
CCC,complete concentric collapse
CCJ,craniocervical junction
CCK,cholecystokinin
CCl4,carbon tetrachloride
CCP,cardiac catheterization procedure
CCPDMA,complete circumferential peripheral and deep margin assessment
CCR7,C-C chemokine receptor type 7
CCRCC,clear cell renal cell carcinoma
CCS grade,Canadian Cardiovascular Society grade
CCTA,coronary computed tomography angiography
CD,Crohn's disease
CD4,cluster of differentiation 4
CDAI,Crohn's disease activity index
CDC,Centers for Disease Control and Prevention
CDDP,cisplatin
CDEIS,Crohn’s disease index of severity
CDK,cyclin-dependent kinase
CDMR,Cesarean Delivery at Maternal Request
cDNA,complementary DNA
cDNA-AFLP,cDNA-amplified restriction fragment–length polymorphism
CDP,contractile deceleration point
CDPAS,consumer directed personal assistance services
CEA,Carotid Endarterectomy
CED,Cervical Endoscopic Discectomy
CED,Coverage with Evidence Development
CF,cystic fibrosis
CFA,Common Femoral Artery
CFC,cardio-facio-cutaneous syndrome
cfDNA,cell-free DNA
CFTR,cystic fibrosis transmembrane conductance regulator
CFV,contractile front velocity
CGH,comparative genomic hybridization
CGM,continuous glucose monitoring
CGMS,continuous glucose monitoring system
CGRP,calcitonin gene-related peptide
CHA2DS2-VASc,"congestive heart failure, hypertension, age ≥ 75, diabetes mellitus, prior stroke or TIA or thromboembolism, vascular disease, age 65-74, sex category"
CHD,congenital heart disease
chEVAR,chimney endovascular aneurysm repair
CHF,congestive heart failure
CHG,chlorhexidine-gluconate
CHI,closed head injury
CHIKV,chikungunya virus
China CDC,Chinese Center for Disease Control and Prevention
CHL,Conductive Hearing Loss
CHRD,cysteine–histidine rich domain
CI,Cochlear Implant
CI,confidence interval
CIA,Common Iliac Artery
CIC,clean intermittent catheterization
CIC,chronic idiopathic constipation
CID,compromised immune disorder
CIDP,Chronic Inflammatory Demyelinating Polyneuropathy
CIM,critical illness myopathy
CIN,cervical intraepithelial neoplasia
CIN,Contrast Induced Nephropathy
CIS,carcinoma in situ
CIWA,Clinical Institute Withdrawal Assessment
CK,creatine kinase
CK18,Cytokeratin 18 Fragments
CKD,chronic kidney disease
CKI,cyclin-dependent kinase inhibitor
Cl,chloride
CLIA,Clinical Laboratory Improvement Amendments
CLL,chronic lymphocytic leukemia
CLND,complete lymph node dissection 
CM,cardiomegaly
CM,cardiomyopathy
CM,cell membrane
CM,Chiari malformation
CM-AVM,capillary malformation–ateriovenous malformation syndrome
CMA,chromosomal microarray analysis
CMAP,compound muscle action potentials
CMAP,compound muscle action potential
CMB,cerebral microbleed
CML,chronic myelogenous leukemia
CMP,cardiomyopathy
CMP,comprehensive metabolic panel
CMPA,cow’s milk protein allergy
CMS,Centers for Medicare & Medicaid Services
CMT,cervical motion tenderness
CMV,continuous mandatory ventilation
CMV,cytomegalovirus
CN,cranial nerve
CNA,copy number alteration
CNS,central nervous system
CNT,carbon nanotube
CNV,choroidal neovascularization
CNV,copy number variant
CO,carbon monoxide
CO,cardiac output
CO2,carbon dioxide
COC,certificate of coverage
COLD,chronic obstructive lung disease
COM,Chronic Otitis Media
COME,Chronic Otitis Media With Effusion
COMT,catechol-O-methyltransferase
COOG,Collaborative Ocular Oncology Group
COPD,chronic obstructive pulmonary disease
COS,controlled ovarian stimulation
COVID-19,Coronavirus disease 2019
COWS,clinical opiate withdrawal scale
COX-2,cyclooxygenase 2 inhibitors
CP,chest pain
CP,cerebral palsy
CP,cleft palate
CPAP,continuous positive airway pressure
CPE,cytopathic effect
CPG,Clinical Practice Guideline
CPHSS,Cincinnati Prehospital Stroke Scale
CPK,creatine phosphokinase
CPM,continuous passive motion
CPNB,continuous peripheral nerve block
CPP,central precocious puberty
CPP,chronic pelvic pain
CPR,cardiopulmonary resuscitation
CPS,child protective services
CPT,Current Procedural Terminology
CPT,chest physiotherapy
CR,clinical response
CR,complete response
Cr,Creatinine
CRBBB,complete right bundle branch block
CrCl,Creatinine Clearance
CRF,chronic renal failure
CRISA,catheterization risk in adult patients
CRM,cardiac rhythm management
CRP,C-reactive protein
CRPS,complex regional pain syndrome
CRRT,continuous renal replacement therapy
CRRT,continuous renal replacement therapy
CRS,chronic rhinosinusitis
CRSsNP,chronic rhinosinusitis without nasal polyps
CRSwNP,chronic rhinosinusitis with nasal polyps
CRT,cardiac resynchronization therapy
CS,Costello syndrome
CSF,cerebrospinal fluid
cSNP,coding single-nucleotide polymorphism
CSS,cancer-specific survival
CT,computerized tomography
CTA,clear to auscultation
CTA,Computed Tomographic Angiography
CTC,circulating tumor cell
CTG,cardiotocography
CTO,coronary total occlusion
CTPA,CT pulmonary angiography
CTS,carpal tunnel syndrome
CTV,CT venogram
CURB-65,"confusion, BUN, respiration rate, BP, Age 65+"
CV,cardiovascular
CVA,cerebrovascular accident
CVA,costovertebral angle
CVAT,costovertebral angle tenderness
CVC,central venous catheter
CVICU,Cardiovascular Intensive Care Unit
CVID,common variable immunodeficiency
CVP,central venous pressure
CVS,cardiovascular system
CVS,chorionic villus sampling
Cx,culture
CXR,chest x-ray
CYS,Child & Youth Services
D/C,discharge
d/c,discontinue
D&C,dilatation & curettage
DAA,direct-acting antiviral
DAC,dose-adjustment coefficient
DAD,diffuse alveolar damage
DAO,diamine oxidase
DAPT,dual antiplatelet therapy
DASH,"Disabilities of the Arm, Shoulder and Hand"
DBP,diastolic blood pressure
DBS,deep brain stimulation
DBT,dialectical behavior therapy
DCB,drug-coated balloon
DCI,distal contractile integral
DCIS,ductal carcinoma in situ
DCM,dilated cardiomyopathy
DDD,degenerative disc disease
DDI,drug to drug interaction
DDX,differential diagnosis
DE,donor egg
DEB,diepoxybutane
DED,dry eye disease
DES,drug-eluting stent
DEXA,dual-energy x-ray absorption
DFE,dilated fundus examination
DFS,disease-free survival
DFV,Doppler flow velocimetry
DGE,Delayed Gastric Emptying
DGL,deglycyrrhizinated licorice
DHA,docosahexaenoic acid
DHT,dihydrotestosteron
DI,diabetes insipidus
DIC,disseminated intravascular coagulation
DILI,drug-induced liver injury
DIPG,diffuse intrinsic pontine glioma
DISE,drug-induced sleep endoscopy
DISIDA,cholescintigraphy
DJD,degenerative joint disease
DKA,diabetic ketoacidosis
DL,Direct Laryngoscopy
DL,distal latency
DLCT,dual-layer CT
DLGNT,diffuse leptomeningeal glioneuronal tumor
DM,diabetes mellitus
DMARD,disease-modifying antirheumatic drug
DMDD,disruptive mood dysregulated disorder
DMT,disease-modifying therapy
DNA,deoxyribonucleic acid
DNI,do not intubate
DNR,do not resuscitate
DNS,Deviated Nasal Septum
DOAC,directly acting oral anticoagulants
DOB,date of birth
DOE,dyspnea on exertion
DOS,date of service
DOT,directly observed therapy
DP,Dorsalis pedis
DP,double prong
DPD,dihydropyrimidine dehydrogenase
DPP4,Dipeptidyl Peptidase-4
DQ,developmental quotient
DRE,digital rectal exam
DRG,dorsal root ganglion
DS,Down syndrome
DS,duodenal switch
DSA,Digital Subtraction Angiography
DSA,donor-specific antibodies
dsDNA,double-stranded DNA
DSM,Diagnostic and Statistical Manual of Mental Disorders
DT,delirium tremens
dTMS,Deep Transcranial Magnetic Stimulation
DTP,"diphtheria, tetanus, pertussis"
DTR,deep tendon reflexes
DUS,Duplex Ultrasonography
DVIU,Direct Visual Internal Urethrotomy
DVR,Double Valve Replacement
DVT,deep venous thrombosis
DZ,disease
E/M,evaluation and management
EAC,External Auditory Canal
EAEC,Enteroaggregative Escherichia coli
EASI,Eczema Area and Severity Index
EBL,estimated blood loss
EBL,estimated surgical blood loss
EBRT,external beam radiation therapy
EBUS,endobronchial ultrasound
EBV,epstein barr virus
ECG,electrocardiogram
Echo,echocardiogram
ECMO,extracorporeal membrane oxygenation
ECS,elective cesarean section
ECT,electroconvulsive therapy
ECV,external cephalic version
ED,emergency department
ED,erectile dysfunction
EDL,Extensor Digitorum Longus
EDS,excessive daytime sleepiness
EDS,Eye Dryness Score
EEG,electroencephalogram
EES,everolimus eluting stent
EF,ejection fraction
EFL,expiratory flow limitation
EFLI,expiratory flow limitation index
EFM,electronic fetal monitoring
EGA,estimated gestational age
EGD,esophagogastroduodenoscopy
eGFR,Estimated Glomerular Filtration Rate
EGFR,epidermal growth factor receptor
EHL,extensor halluces longus
EIA,External Iliac Artery
EIA,enzyme immunoassay
EKG,electrocardiogram
ELF,endoluminal fundoplication
ELF,Enhanced Liver Fibrosis Panel
ELISA,enzyme-linked immunosorbent assays
EMDR,eye movement desensitization and reprocessing
EMG,electromyelogram
EMR,electronic medical record
EMS,emergency medical services
ENoG,Electroneurography
ENT,"ear, nose, throat/otolaryngology"
EOB,explanation of benefits
EoE,eosinophilic esophagitis
EOG,electrooculogram
EOL,end of life
EOM,extraocular muscles (movements)
EP,electrophysiology
EP,etoposide and cisplatin (chemotherapy)
Ep-GBM,epithelioid glioblastoma
EPS,electrophysiology study
EPS,encapsulated peritoneal sclerosis
ER,emergency room
ER,estrogen receptor
ERAS,Early Recovery after Surgery
ERCP,endoscopic retrograde cholangiopancreatography
ERP,Exposure with Response Prevention
ERV,endogenous retrovirus
ES,epidural steroids
eSET,Elective Single Embryo Transfer
ESI,epidural steroid injection
ESLD,end stage liver disease
ESR,erythrocyte sedimentation rate
ESRD,end-stage renal disease
ESS,Epworth Sleepiness Scale
ESS,endoscopic sinus surgery
EST,electroshock therapy
ESWL,Extracorporeal Shock Wave Lithotripsy
ESWT,Extracorporeal Shock Wave Therapy
ET,essential tremor
ET,essential thrombocythaemia
ETANTR,embryonal tumors with abundant neuropil and true rosettes
ETMR,embryonal tumor with multilayered rosettes
EtOH,alcohol
ETS,endoscopic thoracic sympathectomy
ETT,endotracheal tube
ETT,exercise tolerance test
EUA,Exam Under Anesthesia
EUS,Endoscopic Ultrasound
EV,extracellular vesicle
EVAR,Endovascular Aneurysm Repair
EVAS,Endovascular Aneurysm Sealing
EVH,Endoscopic Vein Harvest
EVLA,endovenous laser ablation
F/U,follow up
FABER,"Flexion, Abduction and External Rotation"
FAD,flavin adenine dinucleotide
FAI,Femoral-Acetabular Impingement
FAP,familial adenomatous polyposis
FB,foreign body
FBS,fasting blood sugar
FBSS,Failed Back Surgery Syndrome
FC,fecal calprotectin
FDA,Food and Drug Administration
FDG,fluorodeoxyglucose
FDR,false discovery rate
FeNO,fractional exhaled nitric oxide
FET,frozen embryo transfer
FEV1,forced expiratory volume 1 second
fEVAR,fenestrated endovascular aneurysm repair
FFDM,freedom from widespread distant metastasis
FFPE,formalin-fixed paraffin-embedded 
FFR,filtering facepiece respirator
FHF,fulminant hepatic failure
FHO,Femoral Head Ostectomy
FiO2,fractional inspired oxygen concentration
FIP,Feline Infektiöse Peritonitis
FISH,fluorescence in situ hybridization
FIT,fellow in training
FLAIR,fluid-attenuated inversion recovery
FM,fibromyalgia
FM,fetal monitor
FMF,Familial Mediterranean Fever
FMN,flavin mononucleotide
FMS,fibromyalgia syndrome
FN,femoral nerve
FN,false negative
FNA,fine needle aspiration
FNAB,fine needle aspiration biopsy
FOB,father of baby
FOBT,fecal occult blood testing
FP,false positive
fPSA,free prostate specific antigen
FRAX,fracture risk assessment
FRC,functional residual capacity
FSG,finger stick glucose
FSGS,Focal Segmental Glomerulosclerosis
FSH,follicle stimulating hormone
FSP,familial spastic paraparesis
FSS,Freeman-Sheldon syndrome
FT,functional threshold
FT,first trimester
FTM,female-to-male
FTSG,Full Thickness Skin Graft
FTT,failure to thrive
FUO,Fever of Unknown Origin
FVC,forced vital capacity
Fx,fracture
G-J,gastrostomy-jejunostomy/Gastro-Jejunal
GA,general anesthesia
GABHS,group A β-hemolytic streptococcal
GAD,general anxiety disorder
GAG,glycosaminoglycan
GAK,Cyclin G-associated kinase
GAS,Group A Streptococcus
GAS,Gender Affirmation Surgery
GB,gallbladder
GBM,glioblastoma multiforme
GBM-PNC,glioblastomas with primitive neuronal components
GBS,Group B streptococcal
GC,Gonorrhea
GC-rich,Guanine/Cytosine-rich
GCS,Glascow coma scale
gDNA,genomic DNA
GEF,guanosine nucleotide exchange factor
GEP,gene expression profiling
GER,gastroesophageal reflux
GERD,gastroesophageal reflux disease
GFR,Glomerular filtration rate
GGA,Genioglossus Advancement
GGO,ground-glass opacity
GGT,gamma-glutamyltransferase
GH,growth hormone
GHD,growth hormone deficiency
GI,gastroenterologist
GI,gastrointestinal
GIB,gastrointestinal bleeding
GIST,gastrointestinal stromal tumor
GLP-1,glucagon-like peptide-1
GLT,glucose loading test
Gluc,glucose
GLUT,glucose transport proteins
GMFCS,Gross Motor Function Classification System
GNR,gram negative rod
GnRH,gonadotropin-releasing hormone
GnRHa,gonadotropin-releasing hormone agonist
GOF,gain-of-function
GPB,glycophorin B
GPC,gram positive coccus
GPR,gram positive rods
GPS,Genomic Prostate Score
GRB2,growth factor receptor-bound protein 2
GRS,Gender Reassignment Surgery
GS,general surgery
GS,gram stain
GSD,glycogen storage disease
GSV,great saphenous vein
GSW,gunshot wound
GTC seizure,generalized tonic-clonic seizure
GTT,drop(s)
GTT,glucose tolerance test
GU,genitourinary
GVHD,graft versus host disease
GWAS,genome-wide association study
Gyn,gynecology
H/H,hemoglobin/hematocrit
h/o,history of
H&H,hemoglobin and hematocrit
H&P,history and physical
H20,water
H2O2,hydrogen peroxide
HA,hyaluronic acid
HA,headache
HA,hearing aid
HA,histamine
HA-R,histamine receptor
HAART,highly active antiretroviral therapy
HAGMA,High Anion Gap Metabolic Acidosis
HAL,hexaminolevulinate
HAP,hospital-acquired pneumonia
HAPE,high altitude pulmonary edema
HAT,"hypoxanthine, aminopterin, thymidine"
HAV,hepatitis A virus
HAVB,high-grade atrioventricular block
Hb,hemoglobin
HBeAg,hepatitis B e-antigen
HBI,HARVEY-BRADSHAW INDEX
HBO,hyperbaric oxygen
HBsAg,Hepatitis B surface antigen
HbSS,sickle cell
HBV,hepatitis B virus
HC,hydroxycarbamide
HCAP,healthcare-associated pneumonia
HCC,Hepatocellular Carcinoma 
HCG,Human Chorionic Gonadotropin
HCM,hypertrophic cardiomyopathy
HCMV,human cytomegalovirus
HCO3,bicarbonate
HCoV-229E,human coronavirus 229E
HCPCS,Healthcare Common Procedure Coding System
Hct,hematocrit
HCTZ,hydrochlorothiazide
HCV,Hepatitis C virus
HCVD,hypertensive cardiovascular disease
HD,hemodynamically
HD,hemodialysis
HD,Hirschsprung's disease
HD,hospital day
HDC,histidine decarboxylase
HDFN,hemolytic disease of the fetus and newborn
HDL,high density lipoprotein
HDLP,HDL particle concentration
HDN,hemolytic disease of the newborn
HE,hemagglutinin–acetylesterase
HEART,"History, EKG, Age, Risk factors, initial Troponin"
HEENT,"head, eyes, ears, nose, throat"
HeFH,heterozygous familial hypercholesterolaemia
HF,heart failure
HFCC,high-frequency chest clearance
HFCWO,high-frequency chest wall oscillation
HFNC,High-Flow Nasal Cannula
HFpEF,heart failure with preserved ejection fraction
Hg,hemoglobin
HGB,hemoglobin
HH,hiatal hernia
HHA,home health aide
HHS,Hyperglycemic Hyperosmolar Syndrome
HI,homicidal ideation
HIDA,cholescintigraphy
HIPAA,Health Insurance Portability and Accountability Act
HIS,histidine
HIV,human immunodeficiency virus
HK,Horseshoe Kidney
hK2,human kallikrein 2
HLA-B27,human leukocyte antigen B27
HLD,Handicapping Labio-Lingual Deviation
HLP,hyperlipidemia
HM,Heller myotomy 
HME,home medical equipment
HMGB1,high mobility group box 1
HNMT,histamine N-methyltransferase
HNP,Herniated Nucleus Pulposus
HNS,hypoglossal nerve stimulation
HOMA,Homeostatic Model Assessment
HOMA-IR,homeostatic model assessment of insulin resistance
HP,Hypopharynx
HPA,hypothalamic-pituitary-adrenal
HPI,history of present illness
HPS,Hantavirus pulmonary syndrome
HPV,human papillomavirus
HR,hormone receptor
HR,heart rate
HRM,high-resolution manometry
HRQL,health-related quality of life
HRT,hormone replacement therapy
HS,high-sensitivity
HS,at bedtime
HS,heparan sulfate
HS-CRP,high sensitivity C-reactive protein
HSP,Henoch-Schönlein purpura
HSP,hereditary spastic paraplegia
HSPG,Heparan Sulfate Proteoglycan
HSROC,hierarchical summary receiver operating characteristic
HSV,herpes simplex virus
HTC,humidified trach collar
HTG,hypertriglyceridemia
HTN,Hypertension
HU,hydroxyurea
HUD,Humanitarian Use Device
HUS,hemolytic-uremic syndrome
Hx,history
HZV,Herpes Zoster Virus
I&D,incision and drainage
I&D,irrigation and debridement
I&O,intake and output
IA,imidazole acetaldehyde
IAA,Iliac Artery Aneurysm
IAA,imidazole acetic acid
IAAR,imidazole acetic acid riboside
IABP,intra-aortic balloon pump
IAC,Internal Auditory Canal
IAD,incontinence-associated dermatitis
IADL,instrumental activities of daily living
IAH,Intra-abdominal Hypertension
IAHA,intra-articular hyaluronic acid
IAP,intra-abdominal pressure
IBD,identity by descent
IBD,inflammatory bowel disease
IBM,inclusion body myositis
IBS,irritable bowel syndrome
IBS-C,constipation-predominant irritable bowel syndrome
IBS-D,Irritable Bowel Syndrome with Diarrhea
IBW,ideal body weight
ICD,implantable cardioverter defibrillator
ICH,intracranial hemorrhage
ICL,interstrand crosslinks
ICM,ischemic cardiomyopathy
ICP,intracranial pressure
ICP,Intracranial Pressure
ICPP,idiopathic central precocious puberty
ICR,insulin-to-carbohydrate ratio
ICS,inhaled corticosteroids
ICSI,intracytoplasmic sperm injection
ICU,intensive care unit
ID,infectious disease(s)
IDDM,insulin-dependent diabetes mellitus
IDE,Investigational Device Exemption
IDP,intrinsically disordered protein
IDSA,Infectious Diseases Society of America
IDU,intravenous drug use
IED,intermittent explosive disorder
IFA,immunofluorescent assay
IFITM,interferon-induced transmembrane
IFN,interferon
IFU,Instructions For Use
IFX,infliximab
Ig,immunoglobulin
IgA,Immunoglobulin A
IgD,immunoglobulin D
IgE,immunoglobulin E
IGF-1,insulin-like growth factor 1
IGFBP3,insulin-like growth factor binding protein 3
IgG,immunoglobulin G
IgM,immunoglobulin M
IGR-SRS,image-guided robotic stereotactic radiosurgery 
IGR-SRS,image-guided robotic stereotactic radiosurgery
IGRA,interferon-gamma release assay
IGRT,image guided radiation therapy
IH,idiopathic hypersomnia
IH,Inguinal Hernia
IHF,intrahepatic fat
IHSS,Idiopathic Hypersomnia Severity Scale
IIA,Internal Iliac Artery
IIH,idiopathic intracranial hypertension
IKDC,International Knee Documentation Committee
IL-13,Interleukin 13
IL-17,Interleukin-17
IL-4,Interleukin 4
IL-4Ra,interleukin 4 receptor
IL-5,Interleukin 5
ILD,interstitial lung disease
ILR,implantable loop recorder
IM,intramuscular
IMA,inferior mesenteric artery
IMA,Internal Mammary Artery
IMH,Intramural Haematoma
IMM,immunomodulator
IMPT,Intensity-Modulated Proton Beam Therapy
IMRT,intensity-modulated radiation therapy
IMS,Intra‐Metatarsal Space
IN,intranasal
indel,insertion-deletion
InflAAA,Inflammatory Abdominal Aortic Aneurysm
INH,Isoniazid
iNKT,invariant natural killer T
INPH,idiopathic normal pressure hydrocephalus
INR,international normalized ratio
IOC,Intraoperative Cholangiogram
IOL,Intraocular Lens
IOM,intraoperative monitoring
IONM,Intraoperative Neurophysiological Monitoring
IOP,Intensive Outpatient Program
IOP,intraocular pressure
IP,interphalangeal
IPA,isopropyl alcohol
IPF,idiopathic pulmonary fibrosis
IPG,implanted pulse generator
IPJ,Intra‐Phalangeal Joint
iPSA,intact prostate specific antigen
IPSET-Thrombosis,International Prognostic Score of Thrombosis for ET
IR,internal rotation
IR,interventional radiology
IR,implantation rate
IRB,institutional review board
IRMA,immunoradiometric assay
IRP,Integrated Relaxation Pressure
IS,insulin sensitivity
ISF,Insulin Sensitivity Factor
ISG,interferon-stimulated gene
ISIB,intrasphincteric injection of Botox
ISR,in-stent restenosis
ISS,idiopathic short stature
ISS,Interspinous Spacer
ISSNHL,idiopathic sudden sensorineural hearing loss
ITI,Inner to Inner
ITP,immune thrombocytopenic purpura
ITR,Inferior Turbinate Reduction
ITT,Intent-to-Treat
ITU,intensive therapy unit
IU,international units
IUD,intrauterine device
IUGR,intrauterine growth restriction
IUP,intrauterine pregnancy
IUPC,intrauterine pressure catheter
IV,intravenous
IVC,inferior vena cava
IVD,intervertebral disc
IVDA,Intravenous Drug Abuse
IVDU,intravenous drug use
IVF,intravenous fluids
IVF,In Vitro Fertilization
IVIG,intravenous immunoglobulin
IVUS,intravascular ultrasound
JAK,janus kinase
JAK-STAT,"janus kinase, signal transducer and activator of transcription protein"
JAKi,JAK inhibitor
JIA,juvenile idiopathic arthritis
JNA,Juvenile nasopharyngeal angiofibroma
JP,Jackson Pratt
JRA,juvenile rheumatoid arthritis
JRAAA,Juxtarenal Abdominal Aortic Aneurysm
K,potassium
KAX,"ketamine, acepromazine, and xylazine"
KCL,potassium chloride
KUB,"kidney, ureter, bladder (x-ray)"
L,left
L&D,labor and delivery
LA,left atrium
LA,leukoaraiosis
LAA ,left atrial appendage
LAAC,left atrial appendage closure
LAAO,left atrial appendage occlusion
LABA,long-acting b2-agonist
LAD,left anterior descending artery
LAD,lymphadenopathy
LAFB,left anterior fascicular block
LAHB,left anterior hemiblock
LAT,large neutral amino acid transporter
LAVH,Laparoscopic Assisted Vaginal Hysterectomy
LBBB,left bundle branch block
LBN,latanoprostene bunod
LBO,large bowel obstruction
LBP,lower back pain
LC,local control
LCIS,lobular carcinoma in situ
LCSW,licensed clinical social worker
LCX,left circumflex (coronary artery)
LD,lumbar drain
LDCT,low-dose computed tomography
LDH,lumbar disc herniation
LDH,lactic acid dehydrogenase
LDL,low density lipoprotein
LDLR,low-density lipoprotein receptor
LDS,Loeyse-Dietz syndrome
LE,leukocyte esterase
LE,lower extremity
LE,lupus erythematosus
LECVD,Lower Extremity Chronic Venous Disease
LELE,Leading Edge to Leading Edge
LEMG,laryngeal electromyography
LES,lower esophageal sphincter
LF,local failure
LFA-1,lymphocyte function-associated antigen-1
LFC,lateral femoral condyle
LFT,liver function test
LH,Laparoscopic Hysterectomy
LH,luteinizing hormone
LHM,laparoscopic Heller myotomy 
LHRH,luteinizing hormone-releasing hormone
LIMA,left internal mammary artery
LITT,Laser Interstitial Thermal Therapy
LLE,left lower extremity
LLL,left lower lobe
LLQ,left lower quadrant
LM,left main coronary artery
LM,laparoscopic myomectomy
LMCA,left main coronary artery stenosis
LMP,last menstrual period
LMT,left main trunk
LMWH,Low Molecular Weight Heparin
LN,lymph node
LND,lymph node dissection
LNF,laparoscopic Nissen fundoplication
LOC,level of care
LOC,level of consciousness
LOC,loss of consciousness
LOCADTR,Level of care for alcohol and drug treatment referral
LOF,loss-of-function
LOMN,letter of medical necessity
LOS,length of stay
LP,lumbar puncture
LPR,Laryngopharyngeal Reflux
LR,likelihood ratio
LSD,lysergic acid diethylamide
LSV,Long Saphenous Vein
LTBI,latent tuberculosis infection
LUE,left upper extremity
LUL,left upper lobe
LUQ,left upper quadrant
LUTS,lower urinary tract symptoms
LV,left ventricle
LVAD,left ventricular assist device
LVEDP,left ventricular end-diastolic pressure
LVEF,left ventricle ejection fraction
LVH,left ventricular hypertrophy
LVO,Large Vessel Occlusion
LVO,Left Ventricular Opacification
M/H,medical history
M/R/G,"murmurs, rubs, gallops"
MAA,Mycotic Aortic Aneurysm
mAbs,monoclonal antibodies
MAC,Mycobacterium avium complex
MAC,monitored anesthesia care
MACE,major adverse cardiac events
MACI,matrix autologous chondrocyte implant 
MAG,myelin-associated glycoprotein
MAI,Mycobacterium avium-intracellulare infection
MALT,mucosa-associated lymphoid tissue
MAO-B,monoamine oxidase B
MAP,mean arterial pressure
MAPK,mitogen-activated protein kinase
MCA,middle cerebral artery
MCH,mean corpuscular hemoglobin
MCHC,mean corpuscular hemoglobin concentration
MCII,minimum clinically important improvement
MCL,medial collateral ligament
MCM,major congenital malformation
MCTD,mixed connective tissue disease
MCTD,Mixed Connective Tissue Disease
MCV,mean corpuscular volume
MD,muscular dystrophy
MDD,major depressive disorder
MDI,metered dose inhaler
MDR,multidrug-resistant
MDS,myelodysplastic syndrome
MECC,Minimal Extracorporeal Circulation
MELAS,"mitochondrial encephalopathy, lactic acidosis, and stroke-like episodes"
MEP,motor evoked potential
MERRF,myoclonic epilepsy with ragged red fibers
MERS,Middle East Respiratory Syndrome
MERS-CoV,Middle East Respiratory Syndrome Coronavirus
MET,motivational enhancement therapy
MET,Metabolic Equivalent
MFC,medial femoral condyle
MFS,metastasis-free survival
Mg,magnesium
MG,myasthenia gravis
MGMT,O[6]-methylguanine-DNA methyltransferase
MgSO₄,Magnesium sulfate
MHOP,mental health outpatient services
MHV,Murine Hepatitis Virus
MI,myocardial infarction
MIP,molecular inversion probe
ML,Microlaryngoscopy
mLAP,mean left atrial pressure
MLD,manual lymphatic drainage
MM,multiple myeloma
MMLV,Moloney murine leukemia virus
MMLV-RT,Moloney murine leukemia virus reverse transcriptase
MMN,multi-focal motor neuropathy
MMSE,mini-mental state examination
MMTP,Methadone Maintenance Treatment Program
MN,midnight
MO,morbid obesity
MODQ,Modified Oswestry Disability Questionnaire
MOG,myelin oligodendrocyte glycoprotein
MOH,medication overuse headache
MOM,milk of magnesia
MOSF,multiple organ system failure
mPCR,multiplex polymerase chain reaction
MPFL,Medial patellofemoral ligament
MPH,methylphenidate
MPJ,Metatarsal Phalangeal Joint
MPL,Medial Patella Luxation
MPN,myeloproliferative neoplasm
MPNST,malignant peripheral nerve sheath tumor
Mpro,main protease
MR,mental retardation
MR,mitral regurgitation
MR-proADM,mid-regional pro-adrenomedullin
MR-SWI,magnetic resonance-susceptibility weighted imaging
MRA,magnetic resonance angiography
MRA,mandibular repositioning appliance
MRC,mitochondrial respiratory chain
MRCP,Magnetic Resonance Cholangiopancreatogram
MRCP,mental retardation with cerebral palsy
MRD,margin to reflex distance
MRI,magnetic resonance imaging
MRM,Modified Radical Mastectomy
mRNA,messenger RNA
MRSA,methicillin-resistant Staphylococcus aureus
MRV,magnetic resonance venogram
MS,mental status
MS,mitral stenosis
MS,morphine sulphate
MS,multiple sclerosis
MS,musculoskeletal
MSA,magnetic sphincter augmentation
MSA,multiple system atrophy
MSAFP,Maternal Serum Alpha-Fetoprotein
MSC,mesenchymal stem cell
MSI,microsatellite instability
MSLT,Multiple Sleep Latency Test
MSSA,methicillin-sensitive Staphylococcus aureus
MTF,male-to-female
MTHFR,methylenetetrahydrofolate reductase
MTP,metatarsophalangeal
MUA,manipulation under anesthesia
MuSK,Muscle-Specific Kinase
MV,mechanical ventilation
MVA,motor vehicle accident
MVC,maximal voluntary contraction
MVD,multi-vessel disease
MVP,mitral valve prolapse
MVR,Mitral Valve Replacement
MVV,Mitral Valve Valvuloplasty
MWS,Mowat-Wilson syndrome
N-MIA,N-methylimidazole acetaldehyde
N-MIAA,N-methylimidazole acetic acid
N/V,nausea or vomiting
Na,sodium
NABS,normal active bowel sounds
NAC,N-acetylcysteine
NAD,no active disease
NAD,no acute distress
NAFL,non‐alcoholic fatty liver
NAFLD,non‐alcoholic fatty liver disease
NAK,numb-associated kinase
nAMD,neovascular age-related macular degeneration
NAS,NAFLD Activity Score
NASH,nonalcoholic steatohepatitis
NAT,nucleic acid testing
NAT,non-accidental trauma
NBCCS,nevoid basal cell carcinoma syndrome
NBNB,"non-bloody, non-bilious"
NBS,no bowel sounds
NBUVB,narrowband ultraviolet B
NC,nasal cannula
NCCAH,non-classical congenital adrenal hyperplasia
NCCN,National Comprehensive Cancer Network
NCI,National Cancer Institute
NCI,National Cancer Institute
nCoV,Novel Coronavirus
NCP,nursing care plan
NCS,nerve conduction study
NCT,national clinical trial
NCV,Nerve Conduction Velocity
NEB,nebulizer
NED,no evidence of disease
NF,Nissen fundoplication
NF1,neurofibromatosis type 1
NG,nasogastric
NGS,next-generation sequencing
NGT,nasogastric tube
NHL,non-Hodgkin's lymphoma
NICM,nonischemic cardiomyopathy
NICU,neonatal intensive care unit
NICVD,National Institute of Cardiovascular Diseases
NIDDM,non-insulin dependent diabetes mellitus
NIH,National Institutes of Health
NIHSS,National Institutes of Health stroke scale
NIPS,noninvasive prenatal screening
NIPT,noninvasive prenatal testing
NK,natural killer
NKA,no known allergies
NKDA,no known drug allergies
nl,normal
NM,nonsense mutation
NMD,neurosurgery for mental disorder
NMDA,N-methyl-D-aspartate
NMH,N-methylhistamine
NMIBC,non-muscle invasive bladder cancer
NMO,Neuromyelitis Optica
NMR,nuclear magnetic resonance
NNT,numbers needed to treat
NOAC,non-vitamin K oral anticoagulants
NOS,not otherwise specified
NPH,Normal Pressure Hydrocephalus
NPN,non-protein nitrogen
NPO,nothing by mouth
NPPV,non-invasive positive pressure ventilation
NPV,negative predictive value
NPWT,negative pressure wound therapy
NRB,non-rebreather mask
NRI,net reclassification improvement
NS,Noonan Syndrome
NS,normal saline
NSAID,nonsteroidal antiinflammatory drug(s)
NSCLC,non-small cell lung cancer
NSML,Noonan syndrome with multiple lentigines
NSQIP,National Surgical Quality Improvement Program
NSR,normal sinus rhythm
NST,Non-Stress Test
NSTEMI,non-ST elevation myocardial infarction
NSVT,non-sustained ventricular tachycardia
NT,non-tender
NT1,narcolepsy type 1
NTD,neural tube defect
NTG,nitroglycerin
NW,normal weight
NWB,non-weight bearing
NXG,Necrobiotic xanthogranuloma
NYHA,New York Heart Association
O&P,ova and parasites
O2,oxygen
OA,orbital atherectomy
OA,osteoarthritis
OAG,open-angle glaucoma
OASAS,NY Office of Alcoholism and Substance Abuse Services
OAT,oral appliance therapy
OATS,osteochondral allograft transplantation surgery 
OB,occult blood
OC,oral contraceptive
OCD,obsessive-compulsive disorder
OCD,osteochondral defects
OCP,oral contraceptive pill
OCT,optical coherence tomography
OCT3,organic cation transporter 3
OD,overdose
OD,right eye
ODD,oppositional defiant disorder
ODG,Official Disability Guidelines
ODI,oxygen desaturation index
OGTT,oral glucose tolerance test
OHCA,out-of-hospital cardiac arrest
OHT,ocular hypertension
OM,Otitis Media
OM,obtuse marginal branch
OM1,obtuse marginal branch 1
OM2,obtuse marginal branch 2
OM3,obtuse marginal branch 3
ONH,optic nerve head
ONLS,Overall Neuropathy Limitation Scale
OPC,oropharyngeal cancer
OPLL,ossification of the posterior longitudinal ligament
OPTN,Organ Procurement and Transplantation Network
OPUS,Oral Passage Understanding Scale
OR,operating room
ORF,open reading frame
ORIF,open reduction internal fixation
OS,left eye
OS,overall survival
OSA,obstructive sleep apnea
OSAS,Obstructive Sleep Apnea Syndrome
OSCC,oropharyngeal squamous cell carcinoma
OSH,outside hospital
OSR,Open Surgical Repair
OT,occupational therapy
OTC,over-the-counter
OTO,Outer to Outer
OTW,over-the-wire
OU,both eyes
OV,office visit
OVB,oral viscous budesonide
OW,overweight
P,pulse
P&A,percussion & auscultation
PA,periapical
PAC,premature atrial complexes
PACU,post anesthesia care unit
PAD,peripheral arterial disease
PAMG-1,placental alpha microglobulin-1
PANDAS,Pediatric Autoimmune Neuropsychiatric Disorders Associated with Streptococcal Infections
PANS,Pediatric Acute-onset Neuropsychiatric Syndrome
PAOD,Peripheral Arterial Occlusive Disease
PAP,positive airway pressure
PAPR,Powered Air Purifying Respirator
PARDS,pediatric acute respiratory distress syndrome
PAS,personal assistance service(s)
PAU,Penetrating Aortic Ulcer
PAWP,pulmonary arterial wedge pressure
PAWS,post-acute-withdrawal syndrome
PBC,primary biliary cholangitis
pBNP,NT-Pro B-Type Natriuretic Peptide
PBP,penicillin-binding protein
PBRT,proton beam radiation therapy
PBS,pencil-beam scanning
PBT,perioperative blood transfusion
PBT,proton beam therapy
PCA,patient controlled analgesia
PCA,personal care aide
PCA,Posterior Carotid Artery
PCa,prostate cancer
PCCM,Pediatric Critical Care Medicine
PCI,percutaneous coronary intervention
PCKD,polycystic kidney disease
PCL,posterior cruciate ligament
PCNL,Percutaneous Nephrolithotomy
PCNSL,primary central nervous system lymphoma
pCO2,partial pressure of carbon dioxide
PCOS,polycystic ovarian syndrome
PCP,pneumocystis pneumonia
PCP,primary care provider
PCR,polymerase chain reaction
PCR,pharyngeal constriction ratio
PCSK9,proprotein convertase subtilisin kexin 9
PCT,procalcitonin
PCU,progressive care unit
PD,postural drainage
PD,Parkinson's disease
PD,Peritoneal Dialysis
PD,pneumatic dilation
PD,progressive disease
PDE4,phosphodiesterase 4
PDN,private duty nursing
PDT,Photodynamic Therapy
PE,physical examination
PE,pulmonary embolism
PE,Pressure Equalizer
PEA,pulseless electrical activity
PEEK,polyaryletherketone
PEEP,positive end expiratory pressure
PEF,peak expiratory flow
PEFR,peak expiratory flow rate
PEG,percutaneous endoscopic gastrostomy
PEMS,Poult Enteritis and Mortality Syndrome
PEP,positive expiratory pressure
PERRL,pupils equal round and reactive to light
PERRLA,"pupils equal, round, and reactive to light and accommodation"
PET,positron emission tomography
PF,peak flow
PFD,pediatric feeding disorder
PFG,patient focus group
PFO,patent foramen ovale
PFPT,pelvic floor physical therapy
PFS,progression-free survival
PFT,pulmonary function test
PGD,preimplantation genetic diagnosis
PGS,preimplantation genetic screening
PGT,Preimplantation Genetic Testing
PGT-A,Preimplantation Genetic Testing for Aneuploidy
PHEIC,Public Health Emergency of International Concern
PHI,Prostate Health Index
PHMM,posterior horn of the medial meniscus
PHP,partial hospitalization program
PHQ,patient health questionnaire
PHV,percutaneously implanted heart valve
Pi,inorganic phosphate
PI,pneumatosis intestinalis
PICC,peripherally inserted central catheter
PICU,pediatric intensive care unit
PID,primary immunodeficiency
PID,pelvic inflammatory disease
PIDD,primary immunodeficiency disease
PIVENS,Pioglitazone versus Vitamin E versus Placebo for the Treatment of Non-diabetic patients with Nonalcoholic steatohepatitis
PK,pharmacokinetic
PKR,Partial Knee Replacement
PKU,phenylketonuria
PLEX,plasma exchange
PLIF,Posterior Lumbar Interbody Fusion
PLS-5,"Preschool Language Scale, Fifth edition"
PLT,platelets
PMA,pilomyxoid astrocytoma
PMAT,plasma membrane monoamine transporter
PMC,polymer-matrix composites
PMDB,Prescription Monitoring Database
PMH,past medical history
PMI,point of maximum impulse (of the heart)
PMN,Polymorphonuclear Leukocytes
PNA,pneumonia
PND,postnasal drainage
PNET,primitive neuroectodermal tumor
PNH,Paroxysmal Nocturnal Hemoglobinuria
PO,by mouth/oral
PO2,partial pressure of oxygen
POD,postoperative day
POEM,Per-Oral Endoscopic Myotomy 
pPCI,primary percutaneous coronary intervention
PPD,purified protein derivative
PPE,personal protective equipment
PPH,Procedure for Prolapsed Hemorrhoids
PPI,proton pump inhibitor
PpIX,protoporphyrin IX
PPM,permanent pacemaker
PPROM,preterm premature rupture of membranes
PPS,posterior probability of superiority
PPV,positive predictive value
PR,progesterone receptor
PR,platelet reactivity
PRBC,packed red blood cells
PRCoV,porcine respiratory coronavirus
PRISMA,Preferred Reporting Items for Systematic Reviews and Meta-Analyses
PRN,as needed
PROM,premature rupture of membranes
PS,pressure support
PS,Parkinsonian syndromes
PSA,prostate specific antigen
PsA,psoriatic arthritis
PSC,primary sclerosing cholangitis
PSG,polysomnogram
PSH,past surgical history
PSI,pneumonia severity index
PSM,positive surgical margins
PSP,progressive supranuclear palsy
PSPT,passive scattering proton therapy
PSV,pressure support ventilation
Pt,patient
PT,physical therapy
PT,prothrombin time
PTA,pure-tone average
PTA,Percutaneous Transluminal Angioplasty
PTA,peritonsillar abscess
PTA,prior to admission
PTCA,Percutaneous Transluminal Coronary Angioplasty
PTE,pulmonary thromboembolism
PTEN,phosphatase and tensin homolog
PTFE,polytetrafluoroethylene
PTH,parathyroid hormone
PTP,protein tyrosine phosphatase
PTS,Parsonage-Turner syndrome
PTSD,post traumatic stress disorder
PTT,partial thromboplastin time
PUD,peptic ulcer disease
PUP,previously untreated patient
PUVA,psoralen and ultraviolet A
PVC,premature ventricular contraction
PVD,peripheral vascular disease
PVP-I,povidone-iodine
PVR,pulse volume recording
PWS,Prader-Willi syndrome
QALY,Quality Adjusted Life Years
QAM,every morning
QD,every day/daily
QH,every hour/hourly
QHP,Qualified Healthcare Professional
QHS,every night/nightly
QID,four times per day
QN,every night/nightly
QOD,every other day
QoL,quality of life
qPCR,quantitative polymerase chain reaction
QXH,every X hours
R,right
R/O,rule out
R0,reproduction number
RA,rheumatoid arthritis
RA,right atrium
RA,room air
RA,rotational atherectomy
rAAA,Ruptured Abdominal Aortic Aneurysm
RAC,recovery audit contractor
RAS,resistance-associated substitution
RasGEF,Ras guanine nucleotide exchange factor
RBAS,radiosurgery-based AVM score
RBBB,right bundle branch block
RBC,red blood cells
RBC,red blood count
RC,radical cystectomy
RCA,right coronary artery
RCC,renal cell carcinoma
RCG,radiocardiography
RCM,reflectance confocal microcopy
RCM,reflectance confocal microscopy
RCT,randomized controlled trial
RCT,rotator cuff tear
RD,retinal detachment
RDI,respiratory disturbance index
RDS,respiratory distress syndrome
REM,rapid eye movement
RETU,Rapid Evaluation and Treatment Unit
RF,risk factor
RFA,radiofrequency ablation
RFA,right femoral artery
RFS,Reflux Finding Score
RFS,recurrence-free survival
RFT,renal function test
RFVTA,radiofrequency volumetric thermal ablation
Rh,rhesus factor
RIC,radiation-induced change
RIMA,right internal mammary artery
RIS,reflux injury score
RITLS,Rossetti Infant-Toddler Language Scale
RLE,right lower extremity
RLL,right lower lobe
RLQ,right lower quadrant
RML,right middle lobe
RMS,relapsing multiple sclerosis
RNA,ribonucleic acid
RNFL,retinal nerve fiber layer
RNP,ribonucleoprotein
ROC,receiver operating characteristic
ROM,range of motion
ROM,rupture of membranes
ROS,review of systems
ROSC,return of spontaneous circulation
RP,radiation pneumonitis
RP PCR,respiratory polymerase chain reaction
RPE,retinal pigment epithelium
RPG,Retrograde Pyelogram
RPL,recurrent pregnancy loss
RPLV,right posterolateral ventricular branch
RPR,rapid plasma regain
RPT,Rifapentine
RR,respiratory rate
RRR,regular rate and rhythm
RRT,renal replacement therapy
rRT-PCR,real-time reverse transcriptase polymerase chain reaction
RSD,reflex sympathetic dystrophy
RSV,respiratory syncytial virus
RT,radiation therapy
RT,respiration therapy
RT-PCR,reverse transcription polymerase chain reaction
RTK,receptor tyrosine kinase
rTMS,repetitive transcranial magnetic stimulation
RTOG,Radiation Therapy Oncology Group
RUE,right upper extremity
RUL,right upper lobe
RUQ,right upper quadrant
rUTI,recurrent urinary tract infection
RV,right ventricle
RVFWS,RV free wall longitudinal systolic strain
RVP,respiratory viral panel
RVR,rapid ventricular response
S/P,status post
SAB,spontaneous abortion
SABR,spontaneous abortion rate
SACH,"solid ankle, cushioned heel"
SAD,seasonal affective disorder
SAE,serious adverse event
SAEF,Secondary Aortoenteric Fistula
SALT,Severity of Alopecia Tool
SAMe,S-adenosylmethionine
SARI,Severe Acute Respiratory Infections
SARS,severe acute respiratory syndrome
SARS-CoV,severe acute respiratory syndrome coronavirus
SARS-CoV-2,Severe Acute Respiratory Syndrome Coronavirus-2 Virus
sat,saturation
SAVR,surgical aortic valve replacement
SB,small bowel
SBFT,small bowel follow through
SBO,small bowel obstruction
SBP,spontaneous bacterial paracentesis
SBP,systolic blood pressure
SBRT,Stereotactic Body Radiation Therapy
SC,subcutaneous
SC,Sydenham chorea
SCA,superior cerebellar artery
SCC,squamous cell carcinoma
SCD,sudden cardiac death
SCEP,spinal cord evoked potentials
SCI,spinal cord injury
SCIg,subcutaneous immunoglobulin
SCS,spinal cord stimulator
SD,standard deviation
SDB,sleep disordered breathing
SDH,subdural hematoma
SDS,standard deviation score
SECD,Swine Enteric Coronavirus Disease
sEMG,surface electromyography
SEP,somatosensory evoked potential
SERM,selective-estrogen receptor modulator
SES-CD,Simple Endoscopic Score for Crohn Disease
SFA,superficial femoral artery
SG,sleeve gastrectomy
SGLT-2,sodium-glucose cotransporter-2
SGOT,serum glutamic oxaloacetic transaminase
SGPT,serum glutamic pyruvic transaminase
SHBG,Sex Hormone Binding Globulin
SI,sacroiliac
SI,suicidal ideation
SIBO,small intestinal bacterial overgrowth
SIDS,sudden infant death syndrome
SIJ,sacroiliac joint
SIMV,synchronized intermittent mandatory ventilation
siRNA,small interfering RNA
SIRS,Systemic Inflammatory Response Syndrome
SIRT,selective internal radiation therapy
SL,stool lactoferrin
SL,sublingual
SLE,systemic lupus erythematosus
SLNB,sentinel lymph node biopsy
SLP,speech and language pathology
SLRT,Straight Leg Raising Test
SM grade,Spetzler-Martin grade
SMA,smooth muscle antibody
SMA,spinal muscular atrophy
SMA,Superior Mesenteric Artery
SMART,Self-Management and Recovery Training
SMART,Sepsis Management Alert Response Team
SMBG,Self-Monitoring of Blood Glucose
SMILE,submucosal minimally invasive lingual excision
SNC1,serum nadir creatinine level in the first year of life
SND,sinus node dysfunction
SNF,skilled nursing facility
SNP,Single Nucleotide Polymorphism
SNRI,serotonin-norepinephrine reuptake inhibitor
SNV,single nucleotide variant
SOAP,"subjective, objective, assessment, plan"
SOB,shortness of breath
SOD,sinus ostial dilation
SOS,Son of Sevenless
SPCCT,spectral photon-counting CT
SPECT,single photon emission computed tomography
SpO2,pulse oximetry
SQ,subcutaneous
SR,survival rate
SRAAA,Suprarenal Abdominal Aortic Aneurysm
SRBD,sleep related breathing disorders
SROM,spontaneous rupture of membranes
SRP,signal recognition peptide
SRS,stereotactic radiosurgery
SSD,splice-site disruptions
SSED,summary of safety and effectiveness data
SSEP,spinal somatosensory evoked potential
SSI,supplemental security income
SSIS,Social Skills Improvement System
SSR,showed sinus rhythm
SSRI,selective serotonin reuptake inhibitor
ST,stent thrombosis
STAT,signal transducer and activator of transcription
STAT,signal transducer and activator of transcription
STEMI,ST elevation myocardial infarction
STRN,Soft tissue radionecrosis
STS,soft tissue sarcoma
STS,Society of Thoracic Surgeons
STSG,Split Thickness Skin Graft
SUD,substance use disorder
SUVmax,Maximum Standard Uptake Value
SVC,superior vena cava
SVD,single vessel disease
SVD,spontaneous vaginal delivery
SVG,saphenous vein graft
SVR,sustained virologic response
SVT,supraventricular tachycardia
SW,social work
SW,stab wound
SWI,Susceptibility Weighted Imaging
SWS,Sturge–Weber syndrome
Sx,symptoms
T,temperature
T Bili,total bilirubin
t-EMG,triggered EMG
t-MeHa,tele‐methylhistamine
T&A,tonsillectomy and adenoidectomy
T1DM,type 1 Diabetes Mellitus
T2DM,type 2 Diabetes Mellitus
T3,Triiodothyronine
T4,Thyroxine
TA,tibialis anterior
TAAA,Thoracoabdominal Aortic Aneurysm
TAH,total abdominal hysterectomy
TAVI,transcatheter aortic valve implantation
TAVR,transcatheter aortic valve replacement
TB,tuberculosis
TBI,traumatic brain injury
TBS,tris buffered saline
TCA,tricyclic antidepressant
TCAR,transcarotid artery revascularization
TCC,Transitional Cell Carcinoma
TCR,T cell receptor
TEE,transesophageal echocardiogram
TEM,Effector memory T
TEM,Transanal Endoscopic Microsurgery
TENS,transcutaneous electrical nerve stimulation
TEP,tumor educated platelet
TFA,transcervical fibroid ablation
TFCAS,transfemoral carotid artery stenting
TFI,transfemoral intervention
TG,triglycerides
TGEV,transmissible gastroenteritis virus
TGI,tracheal gas insufflation
THA,total hip arthroplasty
THC,tetrahydrocannabinol
THR,total hip replacement
TIA,transient ischemic attack
TIBC,total iron-binding capacity
TID,three times per day
TIMI,thrombolysis in myocardial infarction
TIPS,transjugular intrahepatic portosystemic shunt
TKA,total knee arthroplasty
TKI,Tyrosine Kinase Inhibitor
TKO,to keep open
TKR,total knee replacement
TLIF,Transforaminal Lumbar Interbody Fusion
TLR,Toll‐like receptors
TM,tympanic membrane (eardrum)
TMA,transmetatarsal amputation
tMax,temperature maximum
TMB,tumor mutational burden
TMJ,temporomandibular joint
TMN,tuberomammillary nucleus
TMR,Transmyocardial Revascularization
TMS,transcranial magnetic stimulation
TN,true negative
TNE,transnasal esophagoscopy
TNF,tumor necrosis factor
TNF-α,tumor necrosis factor alpha
TNM,Tumor-Node-Metastasis
TOF,tetralogy of fallot
TONIC,treatment of nonalcoholic fatty liver disease in children
TORCH,"Toxoplasmosis, Other (syphilis, varicella-zoster, parvovirus B19), Rubella, Cytomegalovirus (CMV), and Herpes"
TP,total protein
TP,true positive
TPA,tissue plasminogen activator
TPA,total parenteral alimentation
TPE,therapeutic plasma exchange
TPN,Total Parenteral Nutrition
TPO,thrombopoietin
TPR,"temperature, pulse, respiration"
tPSA,total prostate specific antigen
TRALI,transfusion-related acute lung injury
TRD,tongue retaining device
TRI,trans-radial intervention
TRM,resident memory T
TRM,tissue-resident memory
TRS,transcription regulatory sequence
TRUS,Transrectal Ultrasound
TSH,thyroid stimulating hormone
TSS,therapeutic staff support
TSS-NS,therapeutic staff support non-school
TSS-S,therapeutic staff support in school
tSSS,transformed Symptom Severity Score
TTE,Transthoracic Echocardiogram
TTF,tumor treating fields
TTP,tender to palpitation
TTP,Thrombotic Thrombocytopenic Purpura
TTP,tissue tolerable plasmas
TTS,through-the-scope
TURBT,Transurethral Resection of Bladder Tumor
TURP,Transurethral resection of prostate gland
TVC,true vocal cord
TVF,target vessel failure
TVP,transvenous pacemaker
TVR,Tricuspid Valve Replacement
TVUS,Transvaginal Ultrasound
TVV,Tricuspid Valve Valvuloplasty
Tx,treatment
TZD,Thiazolidinediones
UA,urinalysis
UAE,uterine artery embolization
UAS,Uniform Assessment System
UAS,upper airway stimulation
UC,ulcerative colitis
UCx,urine culture
UDCA,Ursodeoxycholic Acid
UDS,urine drug screen
UE,unplanned extubation
UFE,uterine fibroid embolization
UGI,upper gastrointestinal
ULN,upper limits of normal
UM,uveal melanoma
UNE,ulnar neuropathy at the elbow
UO,urinary output
UPD,uniparental disomy
upE,region upstream of the E gene
UPF,uvulopalatal flap
UPJ,Ureteropelvic Junction
UPPP,uvulopalatopharyngoplasty
URI,upper respiratory infection
US,ultrasound
uSAID,undifferentiated Systemic Autoinflammatory Disease
uSAID,undifferentiated Systemic Autoinflammatory Disease
USOH,usual state of health
USPSTF,US Preventive Services Task Force
UST,ustekinumab
UTI,urinary tract infection
UV,ultraviolet
V/Q,ventilation/perfusion
VA,ventricular arrhythmia
VA,visual acuity
VA,vertebral artery
VAC,vacuum-assisted closure
VAP,ventilator-associated pneumonia
VAS,Visual Analogue Scale
VATS,Video Assisted Thoracoscopy
VB-MAPP,Verbal Behavior Milestones Assessment and Placement Program
VBAC,vaginal birth after a previous cesarean delivery
VBG,venous blood gas
VC,vital capacity
VCD,vascular closure device
VD,vascular dementia
VD,venereal disease
VDRF,ventilator-dependent respiratory failure
VDRL,Venereal Disease Research Laboratory (serological test for syphilis)
VDZ,vedolizumab
VED,Vascular Ehlerse-Danlos Syndrome
VEEG,video EEG
VEGF,vascular endothelial growth factor
VEO-IBD,Very Early Onset Inflammatory Bowel Disease
VF,visual field
VF,ventricular fibrillation
VHL,von Hippel-Lindau syndrome
VIDISCA,Virus-Discovery-cDNA-AFLP
VMAT,volume modulated arc therapy
VMAT2,vesicular monoamine transporter
VOC,vasoocclusive crisis
VOGM,Vein of Galen malformation
VP,Ventriculo-Peritoneal
VPC,ventricular premature complexes
VRAS,Virginia Radiosurgery AVM Scale
VS,Vertiflex Superion
VS,Vertiflex Superion
VS,vascular surgery
VS,vital signs
VSD,ventricular septal defect
VSS,Venous Sinus Stenting
VSS,vital signs stable
VT,vest therapy
VT,ventricular tachycardia
VTE,venous thromboembolism
VVC,vulvovaginal candidiasis
VVI,"ventricle paced, ventricle sensed, pacing is inhibited if beat is sensed"
VWF,von Willebrand factor
VWF:Ag,von Willebrand antigen
VWF:CB,von Willebrand collagen binding
VWF:RCo,von Willebrand factor ristocetin cofactor
VZV,Varicella-Zoster Virus
w/u,workup
WB,weight bearing
WBAT,weight bearing as tolerated
WBC,white blood cells
WBC,white blood count
WBRT,whole-brain radiation therapy
WC,wheelchair
WCD,wearable cardioverter defibrillator
WDS,Word Discrimination Score
WES,Whole Exome Sequencing
WGS,whole genome sequencing
WHO,World Health Organization
WMA,wall motion abnormality
WNL,within normal limits
WPW,Wolff-Parkinson-White
Wt,weight
XDR,extensively drug-resistant
XDR-TB,extensively drug-resistant tuberculosis
XLA,X-linked agammaglobulinaemia
XLT,extended length tracheostomy tubes
XRT,radiotherapy
YBOCS,Yale Brown Obsessive Compulsive Scale
yo,year-old/years old
Zn,zinc